{
  "id": "3397330",
  "name": "品优购",
  "font_family": "iconfont",
  "css_prefix_text": "icon-",
  "description": "",
  "glyphs": [
    {
      "icon_id": "316070",
      "name": "正确",
      "font_class": "icon",
      "unicode": "e618",
      "unicode_decimal": 58904
    },
    {
      "icon_id": "5135",
      "name": "数码手机",
      "font_class": "shumashouji",
      "unicode": "e600",
      "unicode_decimal": 58880
    },
    {
      "icon_id": "630085",
      "name": "向上箭头",
      "font_class": "xiangshangjiantou",
      "unicode": "e65d",
      "unicode_decimal": 58973
    },
    {
      "icon_id": "9826657",
      "name": "错误",
      "font_class": "cuowu",
      "unicode": "e613",
      "unicode_decimal": 58899
    },
    {
      "icon_id": "608170",
      "name": "引号",
      "font_class": "baojiaquotation",
      "unicode": "e63a",
      "unicode_decimal": 58938
    },
    {
      "icon_id": "608172",
      "name": "引号",
      "font_class": "baojiaquotation2",
      "unicode": "e63c",
      "unicode_decimal": 58940
    },
    {
      "icon_id": "5638796",
      "name": "更新",
      "font_class": "gengxin",
      "unicode": "e615",
      "unicode_decimal": 58901
    },
    {
      "icon_id": "20000266",
      "name": "左箭头",
      "font_class": "zuojiantou",
      "unicode": "e604",
      "unicode_decimal": 58884
    },
    {
      "icon_id": "9021524",
      "name": "右箭头",
      "font_class": "youjiantou",
      "unicode": "e633",
      "unicode_decimal": 58931
    },
    {
      "icon_id": "11195024",
      "name": "购物车",
      "font_class": "gouwuche",
      "unicode": "e65f",
      "unicode_decimal": 58975
    },
    {
      "icon_id": "630092",
      "name": "向下箭头",
      "font_class": "xiangxiajiantou",
      "unicode": "e65e",
      "unicode_decimal": 58974
    }
  ]
}
